title,url,source,quality_score,sentiment,stance,stance_confidence,support_score,oppose_score,relevance,quality_feedback,key_points,search_query,content_preview
Việt Nam sẽ có Luật Trí tuệ nhân tạo,https://duckduckgo.com/?q=T%C3%ACm%20hi%E1%BB%83u%20%C3%BD%20ki%E1%BA%BFn%20chuy%C3%AAn%20gia%20v%E1%BB%81%20lu%E1%BA%ADt%20tr%C3%AD%20tu%E1%BB%87%20nh%C3%A2n%20t%E1%BA%A1o2025%20site%3Abaodautu.vn,duckduckgo.com,0.80,positive,support,0.64,2,1,high,Nội dung chi tiết và cụ thể về hội thảo về Luật Trí tuệ nhân tạo,Việt Nam sẽ có Luật Trí tuệ nhân tạo; Hội thảo phân tích mặt tích cực và tiêu cực của trí tuệ nhân tạo,Tìm hiểu ý kiến chuyên gia về luật trí tuệ nhân tạo 2025,"baodautu.vn
Clear filter to show all search results
Redo search without this site
Share feedback about this site
Báo Đầu tư Online
https://baodautu.vn
› viet-nam-se-co-luat-tri-tue-nhan-tao-d385718.html
Việt Nam sẽ có Luật Trí tuệ nhân tạo
Sep 15, 2025
Hội thảo ghi
nhận
nhiều
ý
kiến
từ các
chuyên
gia
, doanh nghiệp và nhà quản lý trong 2 phiên thảo luận
chuyên
đề. Phiên thứ nhất: ""AI: Sức mạnh, rủi ro và khả năng kiểm soát"" tập trung phân tích cả mặt tích cực và tiêu cực, khẳng định cần song hàn..."
Diễn đàn: Hoàn thiện chính sách tài sản trí tuệ - động lực cho doanh ...,https://duckduckgo.com/?q=G%C3%B3p%20%C3%BD%20c%E1%BB%A7a%20c%E1%BB%99ng%20%C4%91%E1%BB%93ng%20doanh%20nghi%E1%BB%87p%20v%E1%BB%81%20lu%E1%BA%ADt%20tr%C3%AD%20tu%E1%BB%87%20nhn%20t%E1%BA%A1o%202025%20site%3Alsvn.vn,duckduckgo.com,0.80,positive,neutral,0.60,0,0,high,Bài viết phân tích sâu về vai trò của thể chế trong hỗ trợ doanh nghiệp đổi mới sáng tạo,vai trò của thể chế; hỗ trợ doanh nghiệp đổi mới sáng tạo,Góp ý của cộng đồng doanh nghiệp về luật trí tuệ nhân tạo 2025,"lsvn.vn
Clear filter to show all search results
Redo search without this site
Share feedback about this site
Tạp chí Điện tử Luật sư Việt Nam
https://lsvn.vn
› ban-ve-khung-the-che-ho-tro-doanh-nghiep-doi-moi-sang-tao-theo-nghi-quyet-226-2025-qh15-a163275.html
Bàn về khung thể chế hỗ trợ doanh nghiệp đổi mới sáng tạo theo Nghị ...
Sep 19, 2025
Bài viết phân tích Nghị quyết này dưới góc độ vai trò
của
thể chế trong việc hỗ trợ
doanh
nghiệp
đổi mới sáng
tạo
hiện nay...."
Tác động của trí tuệ nhân tạo tới pháp luật lao động - Kinh nghiệm quốc ...,https://duckduckgo.com/?q=Tranh%20lu%E1%BA%ADn%20v%E1%BB%81%20t%C3%A1c%20%C4%91%E1%BB%99ng%20c%E1%BB%A7a%20lu%E1%BA%ADt%20tr%C3%AD%20tu%E1%BB%87%20nh%C3%A2n%20t%E1%BA%A1o%20205%20%C4%91%E1%BA%BFn%20th%E1%BB%8B%20tr%C6%B0%E1%BB%9Dng%20lao%20%C4%91%E1%BB%99ng%20site%3Atapchitoaan.vn,duckduckgo.com,0.80,positive,neutral,0.60,0,0,high,Bài viết phân tích sâu về tác động của trí tuệ nhân tạo tới pháp luật lao động và đưa ra nhận định về lỗ hổng của hệ thống pháp luật lao động quốc tế.,Tác động của trí tuệ nhân tạo tới thị trường lao động hiện nay; Lỗ hổng của hệ thống pháp luật lao động quốc tế,Tranh luận về tác động của luật trí tuệ nhân tạo 2025 đến thị trường lao động,"tapchitoaan.vn
Clear filter to show all search results
Redo search without this site
Share feedback about this site
Tạp chí Tòa án nhân dân điện tử
https://tapchitoaan.vn
› tac-dong-cua-tri-tue-nhan-tao-toi-phap-luat-lao-dong-kinh-nghiem-quoc-te-va-bai-hoc-cho-viet-nam10444.html
Tác động của trí tuệ nhân tạo tới pháp luật lao động - Kinh nghiệm quốc ...
Mar 11, 2024
Bài viết phân tích những
tác
động
nổi bật
của
AI
đến
thị
trường
lao
động
hiện nay, từ đó đưa ra một số
nhận
định
về
các lỗ hổng
của..."
Bình luận về sự tác động của trí tuệ nhân tạo AI lên thị trường lao ...,https://duckduckgo.com/?q=Tranh%20lu%E1%BA%ADn%20v%E1%BB%81%20t%C3%A1c%20%C4%91%E1%BB%99ng%20c%E1%BB%A7a%20lu%E1%BA%ADt%20tr%C3%AD%20tu%E1%BB%87%20nh%C3%A2n%20t%E1%BA%A1o%20205%20%C4%91%E1%BA%BFn%20th%E1%BB%8B%20tr%C6%B0%E1%BB%9Dng%20lao%20%C4%91%E1%BB%99ng%20site%3Awww.studocu.vn,duckduckgo.com,0.80,positive,support,0.91,1,0,high,Tiểu luận phân tích tác động của AI lên thị trường lao động VN có nội dung liên quan và sâu sắc,Tác động của trí tuệ nhân tạo (AI) đối với thị trường lao động Việt Nam; Cơ hội và thách thức phát sinh khi trí tuệ nhân tạo (AI) dần thay thế các phương thức làm việc truyền thống,Tranh luận về tác động của luật trí tuệ nhân tạo 2025 đến thị trường lao động,"studocu.vn
Clear filter to show all search results
Redo search without this site
Share feedback about this site
studocu.vn
https://www.studocu.vn
› vn › document › truong-dai-hoc-giao-thong-van-tai-tp-hcm › logistics-va-quan-ly-chuoi-cung-ung › tieu-luan-phan-tich-tac-dong-ai-ao-thi-truong-lao-dong › 123978081
Tiểu luận phân tích tác động của AI lên thị trường lao động VN - Môn AI ...
Bài tiểu
luận
này tập trung nghiên cứu
về
tác
động
của
công nghệ
trí
tuệ
nhân
tạo
(AI) đối với
thị
trường
lao
độ..."
Tác động của trí tuệ nhân tạo đến thị trường việc làm: thách thức và cơ ...,https://duckduckgo.com/?q=Tranh%20lu%E1%BA%ADn%20v%E1%BB%81%20t%C3%A1c%20%C4%91%E1%BB%99ng%20c%E1%BB%A7a%20lu%E1%BA%ADt%20tr%C3%AD%20tu%E1%BB%87%20nh%C3%A2n%20t%E1%BA%A1o%20205%20%C4%91%E1%BA%BFn%20th%E1%BB%8B%20tr%C6%B0%E1%BB%9Dng%20lao%20%C4%91%E1%BB%99ng%20site%3Avista.gov.vn,duckduckgo.com,0.80,positive,support,0.89,1,0,high,Nội dung chi tiết và chính xác về tác động của trí tuệ nhân tạo,Tác động của trí tuệ nhân tạo đến thị trường việc làm; Thách thức và cơ hội,Tranh luận về tác động của luật trí tuệ nhân tạo 2025 đến thị trường lao động,"vista.gov.vn
Clear filter to show all search results
Redo search without this site
Share feedback about this site
Cổng thông tin Khoa học và Công nghệ
https://vista.gov.vn
› vi › news › cac-linh-vuc-khoa-hoc-va-cong-nghe › tac-dong-cua-tri-tue-nhan-tao-den-thi-truong-viec-lam-thach-thuc-va-co-hoi-11584.html
Tác động của trí tuệ nhân tạo đến thị trường việc làm: thách thức và cơ ...
Jul 15, 2025
Trong kỷ nguyên số hóa nhanh chóng,
trí
tuệ
nhân
tạo
(AI) đang cách mạng hóa mọi lĩnh vực từ dịch vụ k..."
