url,title,content,source,published_date,author,summary,content_length,word_count,sentiment
https://mst.gov.vn/tin-tuc-su-kien.htm,Tin tức Sự kiện,"Ngày 09/9/2025, tại Trụ sở Chính phủ, Phó Thủ tướng Nguyễn Chí Dũng chủ trì cuộc họp với Bộ Khoa học và Công nghệ (KH&CN) cùng đại diện các Bộ, ngành về việc nghiên cứu, lựa chọn 1 đến 3 sản phẩm công nghệ chiến lược cần ưu tiên triển khai ngay trong năm 2025. Đây là bước đi cụ thể nhằm hiện thực hóa Nghị quyết số 57-NQ/TW về phát triển và ứng dụng công nghệ chiến lược phục vụ phát triển kinh tế - xã hội.
Thủ tướng Chính phủ Phạm Minh Chính đề nghị Tập đoàn Bưu chính Viễn thông Việt Nam (VNPT) tiên phong trong nghiên cứu, ứng dụng khoa học công nghệ, đổi mới sáng tạo, chuyển đổi số. Chủ động đầu tư, nghiên cứu, làm chủ, ứng dụng các công nghệ lõi, then chốt như AI, Big Data, Cloud, IoT, 5G/6G, an ninh mạng...
Tại Hội nghị giao ban công tác quản lý nhà nước tháng 8/2025, Bộ trưởng Nguyễn Mạnh Hùng yêu cầu tất cả đơn vị trực thuộc Bộ KH&CN phải khẩn trương xây dựng tiêu chí đo lường kết quả đầu ra, bảo đảm cụ thể, lượng hóa được và có thể kiểm chứng, coi đây là nền tảng quan trọng để nâng cao chất lượng, hiệu quả thực thi nhiệm vụ trong toàn ngành.
Chiều ngày 5/9/2025, tại Hà Nội, Bộ Khoa học và Công nghệ (KH&CN) tổ chức lễ công bố Quyết định của Thủ tướng Chính phủ về việc điều động, bổ nhiệm Thứ trưởng Thường trực Bộ. Bộ trưởng Bộ KH&CN Nguyễn Mạnh Hùng chủ trì buổi lễ, cùng dự có các đồng chí lãnh đạo Bộ và lãnh đạo các đơn vị trực thuộc Bộ.
Ngày 08/8, Bộ Khoa học và Công nghệ đã ban hành Thông tư số 14/2025/TT-BKHCN quy định việc tổ chức và đảm bảo thông tin liên lạc phục vụ công tác chỉ đạo, điều hành phòng, chống thiên tai.
Trải qua 80 năm hình thành và phát triển, Bưu điện Việt Nam (Vietnam Post) đang viết tiếp hành trình đổi mới bằng công nghệ và chuyển đổi số, không chỉ thay đổi cách thức phục vụ khách hàng mà còn kiến tạo vị thế mới: Hạ tầng số thiết yếu của xã hội hiện đại.
Giai đoạn 2020-2025 đánh dấu bước đột phá mạnh mẽ trong thể chế, hạ tầng và năng lực đổi mới sáng tạo quốc gia, khẳng định vị thế của Việt Nam trên bản đồ khoa học và công nghệ thế giới.
Chuyển đổi số đang diễn ra mạnh mẽ trong mọi lĩnh vực, từ quản lý nhà nước đến đời sống dân sự. Hoạt động công chứng – vốn gắn liền với các giao dịch pháp lý có giá trị lớn – cũng không nằm ngoài xu hướng này. Khi Luật Giao dịch điện tử năm 2023 có hiệu lực từ ngày 1/7/2024 và Luật Công chứng năm 2024 sẽ có hiệu lực từ 1/7/2025, công chứng điện tử chính thức trở thành một bước tiến mới trong cải cách thủ tục hành chính.
Mới đây, Phó Thủ tướng Chính phủ Nguyễn Chí Dũng ký Quyết định số 33/2025/QĐ-TTg ngày 15/9/2025 về Mạng truyền số liệu chuyên dùng phục vụ các cơ quan Đảng, Nhà nước.
Phó Thủ tướng Chính phủ Nguyễn Chí Dũng vừa ký ban hành Quyết định số 37/2025/QĐ-TTg về Quy hoạch phổ tần số vô tuyến điện quốc gia, đặt nền móng cho việc quản lý, khai thác và phát triển hạ tầng thông tin vô tuyến điện đồng bộ, hiện đại, phục vụ tiến trình công nghiệp hóa, hiện đại hóa và chuyển đổi số quốc gia.
Việc mở rộng, nâng cấp mạng truyền số liệu chuyên dùng (TSLCD) từ trung ương đến cấp cơ sở, kết nối liên thông với các cơ quan, tổ chức trong hệ thống chính trị không chỉ là vấn đề hạ tầng viễn thông mà là nền tảng đảm bảo tính ổn định, liên tục và an toàn cho chuyển đổi số toàn quốc. Trong khuôn khổ Kế hoạch số 02-KH/BCĐTW, công tác này được đặt ở vị trí chiến lược để tạo “xương sống” cho chính quyền số hai cấp, khi tổ chức bộ máy được tái cấu trúc.
Bộ Khoa học và Công nghệ (KH&CN) đang lấy ý kiến rộng rãi đối với dự thảo Luật Trí tuệ nhân tạo (AI), trong đó Chương III tập trung vào một trong những nội dung then chốt: Phát triển hạ tầng và bảo đảm chủ quyền AI quốc gia. Đây được coi là bước đi chiến lược nhằm kiến tạo nền móng vững chắc cho phát triển AI mang bản sắc và năng lực tự chủ của Việt Nam, hướng tới bảo đảm an ninh công nghệ, an toàn dữ liệu và chủ quyền số quốc gia trong kỷ nguyên AI toàn cầu.
Bộ Khoa học và Công nghệ (KH&CN) vừa chính thức ban hành Khung kiến trúc tổng thể quốc gia số, văn bản được ví như “bản thiết kế tổng thể” của quốc gia số Việt Nam. Đây là bước đi chiến lược nhằm tạo nền tảng thống nhất cho toàn bộ hệ thống chính trị trong xây dựng, kết nối và vận hành quốc gia số, hướng tới một Việt Nam thông minh, hiệu quả và lấy người dân làm trung tâm.
Bộ Khoa học và Công nghệ (KH&CN) đang lấy ý kiến nhân dân đối với dự thảo Luật Trí tuệ nhân tạo (AI) một đạo luật mang tính nền tảng, đánh dấu bước đi chiến lược trong việc định hình khung khổ pháp lý đầu tiên của Việt Nam cho lĩnh vực đang tác động sâu rộng đến mọi mặt của đời sống kinh tế - xã hội.
Sáng 28/7, Sở Khoa học và Công nghệ thành phố Đà Nẵng đã có buổi làm việc với Trung tâm Ứng dụng Khoa học công nghệ và Khởi nghiệp (COSTAS) thuộc Hội Nữ trí thức Việt Nam, nhằm chuẩn bị nội dung và tham vấn ý kiến cho hội thảo về vai trò của phụ nữ trong quản lý nhà nước về khoa học công nghệ, đổi mới sáng tạo và chuyển đổi số (dự kiến tổ chức vào ngày mai 29/7/2025)
Sáng 30/7, Ngày hội khởi nghiệp đổi mới sáng tạo thành phố Đà Nẵng - SURF 2025 với chủ đề ""Bệ phóng chính sách – Nuôi dưỡng kỳ lân"" và thông điệp ""Đà Nẵng - Thành phố đổi mới sáng tạo"" chính thức được khai mạc với sự tham dự của hơn 500 đại biểu và gần 30 cơ quan thông tấn báo chí trung ương và địa phương dự đưa tin.
Chiều 31/7, Sở Khoa học và Công nghệ thành phố Đà Nẵng có buổi làm việc với Mạng lưới Đổi mới sáng tạo các trường đại học, cao đẳng thành phố Đà Nẵng (DN-UIN), Trung tâm Đổi mới sáng tạo và Kinh tế sáng tạo Ulsan (UCCEI - Hàn Quốc), và Mạng lưới Đổi mới sáng tạo Việt Nam tại Hàn Quốc (VINK). Tham dự buổi làm việc có ông Phạm Ngọc Sinh - Phó Giám đốc Sở Khoa học và Công nghệ thành phố Đà Nẵng.
Thực hiện Kế hoạch số 926/KH-UBND ngày 29/05/2025 của UBND phường Thạc Gián về việc Triển khai Phong trào ""Bình dân học vụ số"" trên địa bàn phường. Chiều ngày 30/5/2025, UBND phường Thạc Gián đã tổ chức Hội nghị tập huấn hướng dẫn các kỹ năng cơ bản về sử dụng công nghệ trí tuệ nhân tạo (AI) và triển khai Phong trào ""Bình dân học vụ số"", với sự tham gia tập huấn của báo cáo viên đến từ Trung tâm Thông tin và giám sát, điều hành thông minh Đà Nẵng.
Tại Diễn đàn Chính sách Đổi mới sáng tạo quốc gia 2025, Cục Đổi mới sáng tạo (Bộ Khoa học và Công nghệ) đã trình bày báo cáo chính sách nổi bật về Đổi mới sáng tạo (ĐMST), phác thảo một lộ trình toàn diện nhằm kiến tạo môi trường thuận lợi, đưa doanh nghiệp trở thành trung tâm của hệ thống ĐMST quốc gia và thúc đẩy mạnh mẽ hoạt động đổi mới trong mọi lĩnh vực kinh tế - xã hội.
Thực hiện Nghị quyết số 57-NQ/TW ngày 22/12/2024 của Bộ Chính trị về đột phá phát triển khoa học, công nghệ, đổi mới sáng tạo và chuyển đổi số, Kế hoạch số 02-KH/BCĐTW ngày 19/6/2025 của Ban Chỉ đạo Trung ương, thời gian qua, tỉnh Bắc Ninh đã đạt nhiều kết quả nổi bật trong cải cách hành chính, đặc biệt là trong cung cấp dịch vụ công trực tuyến toàn trình, góp phần nâng cao hiệu quả phục vụ người dân và doanh nghiệp.
Hội đồng Sơ khảo lĩnh vực Công nghệ số Giải thưởng Nhân tài đất Việt 2025 đã lựa chọn được 18 sản phẩm xuất sắc nhất bước tiếp vào vòng Chung khảo, gồm 8 sản phẩm Công nghệ số thành công và 10 sản phẩm Công nghệ số triển vọng.
Trả lời báo chí sau Đại hội Đảng bộ Chính phủ lần thứ I, Bộ trưởng Nguyễn Mạnh Hùng khẳng định để ""xây dựng quốc gia đổi mới sáng tạo, cần xây dựng văn hoá đổi mới sáng tạo, đưa đổi mới sáng tạo trở thành lối sống, phong cách sống của mọi người dân và mọi tổ chức, và đặc biệt là phải khoan dung với thất bại"".
Bộ trưởng Bộ Khoa học và Công nghệ Nguyễn Mạnh Hùng nhấn mạnh, khoa học công nghệ, đổi mới sáng tạo và chuyển đổi số là động lực trung tâm của phát triển; sức mạnh thật sự chỉ đến khi toàn xã hội cùng đổi mới, cùng sáng tạo, cùng kiến tạo tương lai Việt Nam hùng cường, thịnh vượng.
Ngày 12/10/2025, Bộ trưởng Bộ Khoa học và Công nghệ đã ký ban hành Quyết định số 3152/QĐ-BKHCN phê duyệt Chiến lược Dữ liệu của Bộ đến năm 2030. Chiến lược xác định dữ liệu là hạ tầng chiến lược và nguồn lực quan trọng cho phát triển khoa học, công nghệ, đổi mới sáng tạo và chuyển đổi số, tạo cơ sở cho việc xây dựng hệ sinh thái dữ liệu thống nhất và hiệu quả trong toàn ngành.
Cổng TTĐT Bộ Khoa học và Công nghệ xin giới thiệu chia sẻ của Bộ trưởng Bộ Khoa học và Công nghệ Nguyễn Mạnh Hùng về ""Giá trị cốt lõi và phương châm hành động của Bộ Khoa học và Công nghệ"".
Chịu trách nhiệm nội dung: Nguyễn Thị Hải HằngGiám đốc Trung tâm Truyền thông Khoa học và Công nghệ.
Địa chỉ: Ban Biên tập Cổng TTĐT - 18 Nguyễn Du, TP. Hà Nội
Điện thoại:024 3936 9506
Email:stc@mst.gov.vn
©2025 Bản quyền thuộc Bộ Khoa Học và Công Nghệ
(Ghi rõ nguồn ""https://mst.gov.vn"" khi phát hành lại thông tin từ website này)",mst.gov.vn,2025-10-14T08:46:52.512361,Bộ Khoa học và Công nghệ,,8564,1833,neutral
https://mst.gov.vn/van-ban-phap-luat.htm,Văn bản pháp luật,"Tìm kiếmVăn bản quy phạm pháp luật
Quy định kiểm toán kỹ thuật đối với chữ ký điện tử và dịch vụ tin cậy
Sửa đổi, bổ sung một số điều của Thông tư số 13/2009/TT-BKHCN ngày 20 tháng 05 năm 2009 của Bộ trưởng Bộ khoa học và Công nghệ hướng dẫn đánh giá sơ bộ về an toàn hạt nhân đối với địa điểm nhà máy điện hạt nhân trong giai đoạn quyết định chủ trương đầu tư
Quy định về nội dung, trình tự phê duyệt quy hoạch kho số viễn thông, quy hoạch tài nguyên Internet và thực hiện việc phê duyệt quy hoạch
Ban hành Kế hoạch phát triển hạ tầng viễn thông, hạ tầng số phục vụ phát triển Trung tâm tài chính quốc tế tại Việt Nam
Hợp nhất Thông tư quy định về chức năng, tính năng kỹ thuật của Hệ thống thông tin giải quyết thủ tục hành chính cấp bộ, cấp tỉnh
Sửa đổi Mã bưu chính quốc gia cho đối tượng là phường, xã và các đơn vị hành chính tương đương
Quyết định về việc ban hành Quy trình nội bộ giải quyết thủ tục hành chính thuộc phạm vi chức năng của Bộ Khoa học và Công nghệ (Lĩnh vực hoạt động khoa học và công nghệ)
Thông tư quy định về yêu cầu kỹ thuật đối với phần mềm ký số, phần mềm kiểm tra chữ ký số và Cổng kết nối dịch vụ chứng thực chữ ký số công cộng
Quy trình nội bộ giải quyết thủ tục hành chính thuộc phạm vi chức năng của Bộ Khoa học và Công nghệ (Lĩnh vực hoạt động khoa học và công nghệ)
Về việc sửa đổi, bổ sung Quyết định số 1442/QĐ-BKHCN ngày 26/4/2025 về việc công bố thủ tục hành chính mới ban hành, được sửa đổi, bổ sung và bị bãi bỏ theo quy định về phân quyền, phân cấp, phân định thẩm quyền trong lĩnh vực quản lý nhà nước của Bộ Khoa học và Công nghệ
Chịu trách nhiệm nội dung: Nguyễn Thị Hải HằngGiám đốc Trung tâm Truyền thông Khoa học và Công nghệ.
Địa chỉ: Ban Biên tập Cổng TTĐT - 18 Nguyễn Du, TP. Hà Nội
Điện thoại:024 3936 9506
Email:stc@mst.gov.vn
©2025 Bản quyền thuộc Bộ Khoa Học và Công Nghệ
(Ghi rõ nguồn ""https://mst.gov.vn"" khi phát hành lại thông tin từ website này)",mst.gov.vn,2025-10-14T08:46:54.981568,Bộ Khoa học và Công nghệ,Văn bản pháp luật,1908,405,neutral
