opinion_id,url,title,content,author,date_published,source,source_type,likes_count,comments_count,shares_count,tags,category,summary,content_hash,screenshot_path,metadata,sentiment,stance,topics,entities,normalized_text,stats,analyzed_at
c2668e99506d5ece,https://mst.gov.vn/tin-tuc-su-kien.htm,Tin tức Sự kiện,"Ngày 09/9/2025, tại Trụ sở Chính phủ, Phó Thủ tướng Nguyễn Chí Dũng chủ trì cuộc họp với Bộ Khoa học và Công nghệ (KH&CN) cùng đại diện các Bộ, ngành về việc nghiên cứu, lựa chọn 1 đến 3 sản phẩm công nghệ chiến lược cần ưu tiên triển khai ngay trong năm 2025. Đây là bước đi cụ thể nhằm hiện thực hóa Nghị quyết số 57-NQ/TW về phát triển và ứng dụng công nghệ chiến lược phục vụ phát triển kinh tế - xã hội.

Thủ tướng Chính phủ Phạm Minh Chính đề nghị Tập đoàn Bưu chính Viễn thông Việt Nam (VNPT) tiên phong trong nghiên cứu, ứng dụng khoa học công nghệ, đổi mới sáng tạo, chuyển đổi số. Chủ động đầu tư, nghiên cứu, làm chủ, ứng dụng các công nghệ lõi, then chốt như AI, Big Data, Cloud, IoT, 5G/6G, an ninh mạng...

Tại Hội nghị giao ban công tác quản lý nhà nước tháng 8/2025, Bộ trưởng Nguyễn Mạnh Hùng yêu cầu tất cả đơn vị trực thuộc Bộ KH&CN phải khẩn trương xây dựng tiêu chí đo lường kết quả đầu ra, bảo đảm cụ thể, lượng hóa được và có thể kiểm chứng, coi đây là nền tảng quan trọng để nâng cao chất lượng, hiệu quả thực thi nhiệm vụ trong toàn ngành.

Chiều ngày 5/9/2025, tại Hà Nội, Bộ Khoa học và Công nghệ (KH&CN) tổ chức lễ công bố Quyết định của Thủ tướng Chính phủ về việc điều động, bổ nhiệm Thứ trưởng Thường trực Bộ. Bộ trưởng Bộ KH&CN Nguyễn Mạnh Hùng chủ trì buổi lễ, cùng dự có các đồng chí lãnh đạo Bộ và lãnh đạo các đơn vị trực thuộc Bộ.

Nâng cao năng suất lao động gắn với chuyển đổi số và đổi mới sáng tạo không chỉ là yêu cầu cấp thiết, mà còn là “chìa khóa vàng” giúp Việt Nam bứt phá, rút ngắn khoảng cách phát triển và hiện thực hóa khát vọng trở thành quốc gia thu nhập cao.

Tiêu chuẩn không chỉ là những con số hay quy định kỹ thuật, mà là “cầu nối niềm tin” và nền tảng của hợp tác quốc tế.

Sáng ngày 14/10 tại Hà Nội, Bộ Khoa học và Công nghệ (KH&CN) tổ chức Hội nghị tập huấn quản lý nhà nước về khoa học, công nghệ, đổi mới sáng tạo (ĐMST) và chuyển đổi số dành cho lãnh đạo Sở KH&CN các tỉnh, thành phố. Tại hội nghị, Bộ KH&CN cho biết nhiều chỉ tiêu trong Chiến lược phát triển KH, CN và ĐMST đến năm 2030 đã đạt hoặc tiệm cận mục tiêu đề ra.

Bộ Khoa học và Công nghệ (KH&CN) đã ban hành Thông tư số 09/2025/TT-BKHCN quy định chi tiết điều kiện, thủ tục, trách nhiệm của các bên và quy trình kỹ thuật trong hoạt động chuyển mạng di động.

Bộ Khoa học và Công nghệ vừa ban hành Quyết định số 3004/QĐ-BKHCN ngày 02/10/2025, phê duyệt Kế hoạch phát triển hạ tầng viễn thông và hạ tầng số phục vụ phát triển Trung tâm tài chính quốc tế tại Việt Nam.

Quế Văn Yên, sản phẩm nông sản nổi tiếng của tỉnh Yên Bái từ lâu đã trở thành một phần không thể thiếu trong đời sống kinh tế và văn hóa của đồng bào các dân tộc Tây Bắc, đặc biệt là người Dao, người Mông, người Tày.

Bộ Khoa học và Công nghệ (KH&CN) đã ban hành Thông tư số 10/2025/TT-BKHCN hướng dẫn chức năng, nhiệm vụ, quyền hạn của cơ quan chuyên môn thuộc UBND cấp tỉnh và cấp xã trong các lĩnh vực thuộc phạm vi quản lý nhà nước của Bộ.

Bộ Khoa học và Công nghệ (KH&CN) đã ban hành Thông tư số 13/2025/TT-BKHCN ngày 16/7/2025 quy định việc phân cấp thẩm quyền cấp, gia hạn, cấp lại, sửa đổi, bổ sung, thu hồi giấy phép viễn thông và yêu cầu chấm dứt hoạt động cung cấp dịch vụ viễn thông.

Hình ảnh những mái tóc bạc cặm cụi học cách cài đặt ứng dụng, gửi hồ sơ trực tuyến hay dùng trí tuệ nhân tạo (AI) để viết báo cáo đang trở thành điểm sáng lan tỏa khắp các khu phố, phường xã của TP. Hồ Chí Minh.

Ngày 06/10, Bộ trưởng Bộ Khoa học và Công nghệ đã ban hành Thông tư số 19/2025/TT-BKHCN quy định về kiểm toán kỹ thuật đối với chữ ký điện tử và dịch vụ tin cậy. Thông tư này được đánh giá là một bước tiến quan trọng trong việc hoàn thiện khung pháp lý cho giao dịch điện tử nói chung và dịch vụ tin cậy nói riêng tại Việt Nam.

Trong bối cảnh trí tuệ nhân tạo (AI) đang thâm nhập sâu vào mọi lĩnh vực của đời sống, từ sản xuất, giáo dục, y tế đến quản lý công, việc xây dựng và ban hành Luật Trí tuệ nhân tạo trở thành yêu cầu cấp bách. Không chỉ nhằm tạo hành lang pháp lý cho sự phát triển của công nghệ mới, Luật còn đóng vai trò định hướng, kiểm soát rủi ro và bảo đảm an toàn, đạo đức trong ứng dụng AI. Sự ra đời của đạo luật này sẽ là bước ngoặt quan trọng, giúp Việt Nam chủ động nắm bắt cơ hội của kỷ nguyên số, đồng thời bảo vệ quyền lợi hợp pháp của người dân và doanh nghiệp trong không gian trí tuệ nhân tạo.

Thủ tướng Chính phủ vừa ký ban hành Quyết định số 2244/QĐ-TTg về Bộ tiêu chí đánh giá hiệu quả của khoa học, công nghệ, đổi mới sáng tạo và chuyển đổi số. Đây là lần đầu tiên Việt Nam có một hệ thống đánh giá tổng thể, thống nhất, làm căn cứ để đo lường và phản ánh đóng góp thực chất của khoa học và công nghệ (KH&CN), đổi mới sáng tạo và chuyển đổi số đối với phát triển kinh tế - xã hội.

Ngày 08/8, Bộ Khoa học và Công nghệ đã ban hành Thông tư số 14/2025/TT-BKHCN quy định việc tổ chức và đảm bảo thông tin liên lạc phục vụ công tác chỉ đạo, điều hành phòng, chống thiên tai.

Trải qua 80 năm hình thành và phát triển, Bưu điện Việt Nam (Vietnam Post) đang viết tiếp hành trình đổi mới bằng công nghệ và chuyển đổi số, không chỉ thay đổi cách thức phục vụ khách hàng mà còn kiến tạo vị thế mới: Hạ tầng số thiết yếu của xã hội hiện đại.

Giai đoạn 2020-2025 đánh dấu bước đột phá mạnh mẽ trong thể chế, hạ tầng và năng lực đổi mới sáng tạo quốc gia, khẳng định vị thế của Việt Nam trên bản đồ khoa học và công nghệ thế giới.

Chuyển đổi số đang diễn ra mạnh mẽ trong mọi lĩnh vực, từ quản lý nhà nước đến đời sống dân sự. Hoạt động công chứng – vốn gắn liền với các giao dịch pháp lý có giá trị lớn – cũng không nằm ngoài xu hướng này. Khi Luật Giao dịch điện tử năm 2023 có hiệu lực từ ngày 1/7/2024 và Luật Công chứng năm 2024 sẽ có hiệu lực từ 1/7/2025, công chứng điện tử chính thức trở thành một bước tiến mới trong cải cách thủ tục hành chính.

Mới đây, Phó Thủ tướng Chính phủ Nguyễn Chí Dũng ký Quyết định số 33/2025/QĐ-TTg ngày 15/9/2025 về Mạng truyền số liệu chuyên dùng phục vụ các cơ quan Đảng, Nhà nước.

Phó Thủ tướng Chính phủ Nguyễn Chí Dũng vừa ký ban hành Quyết định số 37/2025/QĐ-TTg về Quy hoạch phổ tần số vô tuyến điện quốc gia, đặt nền móng cho việc quản lý, khai thác và phát triển hạ tầng thông tin vô tuyến điện đồng bộ, hiện đại, phục vụ tiến trình công nghiệp hóa, hiện đại hóa và chuyển đổi số quốc gia.

Việc mở rộng, nâng cấp mạng truyền số liệu chuyên dùng (TSLCD) từ trung ương đến cấp cơ sở, kết nối liên thông với các cơ quan, tổ chức trong hệ thống chính trị không chỉ là vấn đề hạ tầng viễn thông mà là nền tảng đảm bảo tính ổn định, liên tục và an toàn cho chuyển đổi số toàn quốc. Trong khuôn khổ Kế hoạch số 02-KH/BCĐTW, công tác này được đặt ở vị trí chiến lược để tạo “xương sống” cho chính quyền số hai cấp, khi tổ chức bộ máy được tái cấu trúc.

Bộ Khoa học và Công nghệ (KH&CN) đang lấy ý kiến rộng rãi đối với dự thảo Luật Trí tuệ nhân tạo (AI), trong đó Chương III tập trung vào một trong những nội dung then chốt: Phát triển hạ tầng và bảo đảm chủ quyền AI quốc gia. Đây được coi là bước đi chiến lược nhằm kiến tạo nền móng vững chắc cho phát triển AI mang bản sắc và năng lực tự chủ của Việt Nam, hướng tới bảo đảm an ninh công nghệ, an toàn dữ liệu và chủ quyền số quốc gia trong kỷ nguyên AI toàn cầu.

Cổng TTĐT Bộ Khoa học và Công nghệ xin giới thiệu chia sẻ của Bộ trưởng Bộ Khoa học và Công nghệ Nguyễn Mạnh Hùng về ""Giá trị cốt lõi và phương châm hành động của Bộ Khoa học và Công nghệ"".

Chịu trách nhiệm nội dung: Nguyễn Thị Hải HằngGiám đốc Trung tâm Truyền thông Khoa học và Công nghệ.

Địa chỉ: Ban Biên tập Cổng TTĐT - 18 Nguyễn Du, TP. Hà Nội

Điện thoại:024 3936 9506

©2025 Bản quyền thuộc Bộ Khoa Học và Công Nghệ

(Ghi rõ nguồn ""https://mst.gov.vn"" khi phát hành lại thông tin từ website này)",Bộ Khoa học và Công nghệ,,mixed,official,0,0,0,[],Tin tức Sự kiện,,eb870b55e9b86275f159fdabb6a455f3,,{},neutral,"{'stance': 'neutral', 'confidence': 0.6, 'support_score': 3, 'oppose_score': 1, 'reasoning': 'Text is balanced with 3 support and 1 oppose indicators'}","[{'topic': 'quy_định', 'score': 5, 'label': 'Quy định pháp luật'}, {'topic': 'quyền_lợi', 'score': 3, 'label': 'Quyền lợi'}, {'topic': 'tổ_chức', 'score': 3, 'label': 'Tổ chức bộ máy'}, {'topic': 'thủ_tục', 'score': 2, 'label': 'Thủ tục hành chính'}, {'topic': 'trách_nhiệm', 'score': 1, 'label': 'Trách nhiệm'}]","{'organizations': ['Bộ Khoa học và Công nghệ vừa ban hành Quyết định số ', 'Bộ Khoa học và Công nghệ đã ban hành Thông tư số ', 'Bộ Khoa Học và Công Nghệ\n\n', 'Bộ Khoa học và Công nghệ', 'Ban Biên tập Cổng TTĐT ', 'Bộ Khoa học và Công nghệ ', 'Sở KH', 'Bộ Khoa học và Công nghệ xin giới thiệu chia sẻ của Bộ trưởng Bộ Khoa học và Công nghệ Nguyễn Mạnh Hùng về ', 'Bộ KH'], 'laws': ['Luật Trí tuệ nhân tạo trở thành yêu cầu cấp bách', 'Luật Giao dịch điện tử năm 2023', 'Luật Trí tuệ nhân tạo ', 'Luật Công chứng năm 2024'], 'numbers': ['09', '9', '2025', '1', '3', '2025', '57', '5', '6', '8', '2025', '5', '9', '2025', '14', '10', '2030', '09', '2025', '3004']}","ngày 0992025, tại trụ sở chính phủ, phó thủ tướng nguyễn chí dũng chủ trì cuộc họp với bộ khoa học và công nghệ (khcn) cùng đại diện các bộ, ngành về việc nghiên cứu, lựa chọn 1 đến 3 sản phẩm công nghệ chiến lược cần ưu tiên triển khai ngay trong năm 2025. đây là bước đi cụ thể nhằm hiện thực hóa nghị quyết số 57-nqtw về phát triển và ứng dụng công nghệ chiến lược phục vụ phát triển kinh tế - xã hội. thủ tướng chính phủ phạm minh chính đề nghị tập đoàn bưu chính viễn thông việt nam (vnpt) tiên ","{'char_count': 7696, 'word_count': 1643, 'sentence_count': 43, 'avg_word_length': 3.6670724284844796, 'avg_sentence_length': 38.2093023255814}",2025-10-14T20:07:10.184806
614a67e3b7445f63,https://mst.gov.vn/van-ban-phap-luat.htm,Văn bản,"Tìm kiếmVăn bản quy phạm pháp luật

Quy định kiểm toán kỹ thuật đối với chữ ký điện tử và dịch vụ tin cậy

Sửa đổi, bổ sung một số điều của Thông tư số 13/2009/TT-BKHCN ngày 20 tháng 05 năm 2009 của Bộ trưởng Bộ khoa học và Công nghệ hướng dẫn đánh giá sơ bộ về an toàn hạt nhân đối với địa điểm nhà máy điện hạt nhân trong giai đoạn quyết định chủ trương đầu tư

Quy định về nội dung, trình tự phê duyệt quy hoạch kho số viễn thông, quy hoạch tài nguyên Internet và thực hiện việc phê duyệt quy hoạch

Ban hành Kế hoạch phát triển hạ tầng viễn thông, hạ tầng số phục vụ phát triển Trung tâm tài chính quốc tế tại Việt Nam

Hợp nhất Thông tư quy định về chức năng, tính năng kỹ thuật của Hệ thống thông tin giải quyết thủ tục hành chính cấp bộ, cấp tỉnh

Sửa đổi Mã bưu chính quốc gia cho đối tượng là phường, xã và các đơn vị hành chính tương đương

Quyết định về việc ban hành Quy trình nội bộ giải quyết thủ tục hành chính thuộc phạm vi chức năng của Bộ Khoa học và Công nghệ (Lĩnh vực hoạt động khoa học và công nghệ)

Thông tư quy định về yêu cầu kỹ thuật đối với phần mềm ký số, phần mềm kiểm tra chữ ký số và Cổng kết nối dịch vụ chứng thực chữ ký số công cộng

Quy trình nội bộ giải quyết thủ tục hành chính thuộc phạm vi chức năng của Bộ Khoa học và Công nghệ (Lĩnh vực hoạt động khoa học và công nghệ)

Về việc sửa đổi, bổ sung Quyết định số 1442/QĐ-BKHCN ngày 26/4/2025 về việc công bố thủ tục hành chính mới ban hành, được sửa đổi, bổ sung và bị bãi bỏ theo quy định về phân quyền, phân cấp, phân định thẩm quyền trong lĩnh vực quản lý nhà nước của Bộ Khoa học và Công nghệ

Chịu trách nhiệm nội dung: Nguyễn Thị Hải HằngGiám đốc Trung tâm Truyền thông Khoa học và Công nghệ.

Địa chỉ: Ban Biên tập Cổng TTĐT - 18 Nguyễn Du, TP. Hà Nội

Điện thoại:024 3936 9506

©2025 Bản quyền thuộc Bộ Khoa Học và Công Nghệ

(Ghi rõ nguồn ""https://mst.gov.vn"" khi phát hành lại thông tin từ website này)",Bộ Khoa học và Công nghệ,,mixed,official,0,0,0,['Văn bản pháp luật'],Văn bản quy phạm pháp luật,Văn bản pháp luật,7a4dd2cd15b77cb365cc2010b7063426,,{},neutral,"{'stance': 'neutral', 'confidence': 0.6, 'support_score': 0, 'oppose_score': 0, 'reasoning': 'Text is balanced with 0 support and 0 oppose indicators'}","[{'topic': 'quy_định', 'score': 2, 'label': 'Quy định pháp luật'}, {'topic': 'quyền_lợi', 'score': 1, 'label': 'Quyền lợi'}, {'topic': 'trách_nhiệm', 'score': 1, 'label': 'Trách nhiệm'}, {'topic': 'thủ_tục', 'score': 1, 'label': 'Thủ tục hành chính'}, {'topic': 'tài_chính', 'score': 1, 'label': 'Tài chính'}]",{},"tìm kiếmvăn bản quy phạm pháp luật quy định kiểm toán kỹ thuật đối với chữ ký điện tử và dịch vụ tin cậy sửa đổi, bổ sung một số điều của thông tư số 132009tt-bkhcn ngày 20 tháng 05 năm 2009 của bộ trưởng bộ khoa học và công nghệ hướng dẫn đánh giá sơ bộ về an toàn hạt nhân đối với địa điểm nhà máy điện hạt nhân trong giai đoạn quyết định chủ trương đầu tư quy định về nội dung, trình tự phê duyệt quy hoạch kho số viễn thông, quy hoạch tài nguyên internet và thực hiện việc phê duyệt quy hoạch ban","{'char_count': 1902, 'word_count': 404, 'sentence_count': 5, 'avg_word_length': 3.6732673267326734, 'avg_sentence_length': 80.8}",2025-10-14T20:07:10.186798
f573d2c7e2468a4d,https://vanban.mst.gov.vn/,Login BTT,"- Quản lý văn bản đi - đến của đơn
 vị, theo dõi và chỉ đạo xử lý văn bản,
 gửi nhận văn bản, quản lý hồ sơ công
 việc, quản lý phiếu trình,...

Các thông tin mà bạn cung cấp không thể được xác định là xác thực.

Hotline: 024.3.5563462

Email: hotrokythuat@mst.gov.vn

HỆ THỐNG QUẢN LÝ VĂN BẢN

Địa chỉ: 18 Nguyễn Du - Hà Nội;

Email: hotrokythuat@mst.gov.vn; Điện thoại: 024.3.5563462; Fax: 04.3.5563458.",,,mixed,official,0,0,0,[],,,1962a7331227e6f33131588270942216,,{},neutral,"{'stance': 'neutral', 'confidence': 0.6, 'support_score': 0, 'oppose_score': 0, 'reasoning': 'Text is balanced with 0 support and 0 oppose indicators'}","[{'topic': 'thủ_tục', 'score': 1, 'label': 'Thủ tục hành chính'}]",{},"- quản lý văn bản đi - đến của đơn vị, theo dõi và chỉ đạo xử lý văn bản, gửi nhận văn bản, quản lý hồ sơ công việc, quản lý phiếu trình,... các thông tin mà bạn cung cấp không thể được xác định là xác thực. hotline: 024.3.5563462 email: hotrokythuatmst.gov.vn hệ thống quản lý văn bản địa chỉ: 18 nguyễn du - hà nội; email: hotrokythuatmst.gov.vn; điện thoại: 024.3.5563462; fax: 04.3.5563458.","{'char_count': 405, 'word_count': 74, 'sentence_count': 13, 'avg_word_length': 4.364864864864865, 'avg_sentence_length': 5.285714285714286}",2025-10-14T20:07:10.186798
cfda2517b2bd0f4c,https://mail.mst.gov.vn/,Outlook,"Tên người dùng:Mật khẩu:Hiện mật khẩuđăng nhập

Tên người dùng:Mật khẩu:Hiện mật khẩuđăng nhập

OutlookVui lòng bật cookie dành cho Website này.Cookie hiện đã bị tắt bởi trình duyệt của bạn. Outlook yêu cầu phải bật cookie.Để biết thêm thông tin về cách bật cookie, hãy xem Trợ giúp dành cho trình duyệt Web của bạn.thử lại

Vui lòng bật cookie dành cho Website này.Cookie hiện đã bị tắt bởi trình duyệt của bạn. Outlook yêu cầu phải bật cookie.Để biết thêm thông tin về cách bật cookie, hãy xem Trợ giúp dành cho trình duyệt Web của bạn.",,,mixed,official,0,0,0,[],,,44df56bea1421b18448fe6c8cedfe280,,{},neutral,"{'stance': 'neutral', 'confidence': 0.6, 'support_score': 0, 'oppose_score': 0, 'reasoning': 'Text is balanced with 0 support and 0 oppose indicators'}",[],{},"tên người dùng:mật khẩu:hiện mật khẩuđăng nhập tên người dùng:mật khẩu:hiện mật khẩuđăng nhập outlookvui lòng bật cookie dành cho website này.cookie hiện đã bị tắt bởi trình duyệt của bạn. outlook yêu cầu phải bật cookie.để biết thêm thông tin về cách bật cookie, hãy xem trợ giúp dành cho trình duyệt web của bạn.thử lại vui lòng bật cookie dành cho website này.cookie hiện đã bị tắt bởi trình duyệt của bạn. outlook yêu cầu phải bật cookie.để biết thêm thông tin về cách bật cookie, h","{'char_count': 552, 'word_count': 99, 'sentence_count': 8, 'avg_word_length': 4.555555555555555, 'avg_sentence_length': 11.0}",2025-10-14T20:07:10.188029
